g_K,N_7,g_Leak,M_7,g_Na,RMP,feat_V_peak,feat_t_peak_ms,feat_V_threshold,M_2,name,feat_AHP_depth,H_4,H_6,feat_t_threshold_ms,N_2,score,M_6,N_1,H_3,N_6,feat_max_dvdt,feat_RMP,H_5,H_1,convergence,feat_AP_amplitude,feat_APD50,M_1
36.371149144963894,102.92492429326933,0.3,38.138600497612295,10.063858647864626,-78.5084259819231,12.20703125,1.4149999999999991,-35.09521484,-82.40673708361248,CRF3359-AP3-atratus-WT,0.0,35.0,65.0,0.9600000000000009,-119.0,266927.97726852633,-37.435277192004385,0.004,-20.0,-16.618937585057143,366.2109359999988,-78.5084259819231,-10.0,0.07,false,90.7154572319231,1.165,0.26072583663103877
20.479880995340615,74.00293235442415,0.3,27.926102483672747,9.99513477736769,-66.49219746559184,42.11425781,1.4849999999999994,-68.359375,-69.0849428752691,CRF3605-AP3-atratus-WT,-2.1723533144081557,35.0,65.0,12.354999999999999,-119.0,29040.722575929387,-17.64275367968281,0.004,-20.0,-33.252534495537176,732.4218739999992,-66.49219746559184,-10.0,0.07,true,108.60645527559184,1.235,0.34382345504118617
21.213461953534722,75.71162896244329,0.3,69.88944837491009,10.453477668063586,-71.4461211201911,2.746582031,1.5700000000000003,-65.61279297,-74.39604555516523,CRF3609-AP3-atratus-WT,0.0,35.0,65.0,4.26,-119.0,85296.10642032289,-9.303550706876205,0.004,-20.0,-6.606461492223833,305.1757820000006,-71.4461211201911,-10.0,0.07,true,74.1927031511911,1.575,0.04647215234477413
26.66312214020418,61.92130710840793,0.3,79.86382112122183,9.994138468321454,-63.24646964976189,40.28320313,0.9499999999999993,-35.70556641,-53.79702991634052,CRF3610-AP1-atratus-WT,0.0,35.0,65.0,0.4449999999999985,-119.0,32954.481370575,-15.815107837475452,0.004,-20.0,-4.992000503619139,427.2460940000002,-63.24646964976189,-10.0,0.07,true,103.52967277976188,1.1,5.000074797313186
47.85843217840018,64.21483029526782,0.3,78.19612631385277,9.985119146539137,-64.86600988160784,24.10888672,1.290000000000001,-29.90722656,-60.21631571992665,CRF3611-AP2-atratus-WT,0.0,35.0,65.0,0.8399999999999999,-119.0,166759.30864999257,-32.964090105433414,0.004,-20.0,-4.995689990262255,427.2460940000002,-64.86600988160784,-10.0,0.07,true,88.97489660160784,1.1,0.8899031588536014
38.45767058648682,76.90709093921292,0.3,66.52663127159467,9.996080317566042,-76.07945856165095,26.85546875,1.1649999999999991,-31.73828125,-77.46751984974405,CRF3617-AP1-atratus-WT,-1.4351898783490498,35.0,65.0,0.6799999999999997,-119.0,57895.70366216857,-15.395482724778539,0.004,-20.0,-8.842139295450739,305.17578199999986,-76.07945856165095,-10.0,0.07,false,102.93492731165095,1.2,0.08044317788018213
78.71903518228041,63.00284753081209,0.3,58.060181634144584,9.988967557183791,-65.76252340928839,35.70556641,0.7750000000000004,-33.87451172,-66.29009857844892,CRF3618-AP1-atratus-WT,-1.6813242507116115,35.0,65.0,0.3600000000000012,-119.0,36837.16368926102,-5.516695987203616,0.004,-20.0,-5.025151558706988,549.3164060000005,-65.76252340928839,-10.0,0.07,false,101.4680898192884,0.895,0.5063684972448519
16.331358838853077,70.69676461607833,0.3,71.6691555785842,10.004201172019924,-66.67446082823945,21.05712891,1.5050000000000008,-48.828125,-67.37468587655958,CRF3619-AP2-atratus-WT,0.0,35.0,65.0,0.6700000000000017,-119.0,341725.9253595182,-10.299251105759115,0.004,-20.0,-5.007998827343761,305.1757820000006,-66.67446082823945,-10.0,0.07,false,87.73158973823945,1.5350000000000001,0.15203627037699402
35.21088754589612,61.38173922168715,0.3,18.088916825397305,10.503180217113508,-62.7678131393458,39.36767578,0.7999999999999989,-68.66455078,-63.8172313753968,CRF3620-AP3-atratus-WT,-6.8122649906542065,35.0,65.0,17.009999999999998,-119.0,18659.302747980706,-22.87091034631613,0.004,-20.0,-20.13445566103454,1179.3475281308404,-62.7678131393458,-10.0,0.07,false,102.13548891934579,1.01,0.7267589641765496
